ID;username;email;full_name;location
1;Alice;alice@email.com;Alice Johnson;New York
2;Bob;bob@email.com;Bob Smith;Los Angeles
3;Charlie;charlie@email.com;Charlie Brown;Chicago
4;David;david@email.com;David Miller;San Francisco
5;Eva;eva@email.com;Eva White;Seattle
6;Frank;frank@email.com;Frank Davis;Miami
7;Grace;grace@email.com;Grace Wilson;Dallas
8;Henry;henry@email.com;Henry Lee;Austin
9;Ivy;ivy@email.com;Ivy Moore;Denver
10;Jack;jack@email.com;Jack Taylor;Phoenix
11;Kate;kate@email.com;Kate Davis;Miami
12;Leo;leo@email.com;Leo Johnson;New York
13;Mia;mia@email.com;Mia Smith;Los Angeles
14;Nathan;nathan@email.com;Nathan Brown;Chicago
15;Olivia;olivia@email.com;Olivia Miller;San Francisco
16;Paul;paul@email.com;Paul White;Seattle
17;Quinn;quinn@email.com;Quinn Davis;Miami
18;Riley;riley@email.com;Riley Wilson;Dallas
19;Sam;sam@email.com;Sam Lee;Austin
20;Tina;tina@email.com;Tina Moore;Denver
21;Ulysses;ulysses@email.com;Ulysses Taylor;Phoenix
22;Victoria;victoria@email.com;Victoria Davis;Miami
23;Walter;walter@email.com;Walter Johnson;New York
24;Xena;xena@email.com;Xena Smith;Los Angeles
25;Yara;yara@email.com;Yara Brown;Chicago
26;Zane;zane@email.com;Zane Miller;San Francisco
27;Aria;aria@email.com;Aria White;Seattle
28;Bryan;bryan@email.com;Bryan Davis;Miami
29;Cora;cora@email.com;Cora Wilson;Dallas
30;Dante;dante@email.com;Dante Lee;Austin
31;Ella;ella@email.com;Ella Moore;Denver
32;Finn;finn@email.com;Finn Taylor;Phoenix
33;Gina;gina@email.com;Gina Davis;Miami
34;Hugo;hugo@email.com;Hugo Wilson;Dallas
35;Isla;isla@email.com;Isla Lee;Austin
36;Jasper;jasper@email.com;Jasper Moore;Denver
37;Kara;kara@email.com;Kara Taylor;Phoenix
38;Liam;liam@email.com;Liam Davis;Miami
39;Mila;mila@email.com;Mila Wilson;Dallas
40;Niko;niko@email.com;Niko Lee;Austin
41;Olive;olive@email.com;Olive Moore;Denver
42;Percy;percy@email.com;Percy Taylor;Phoenix
43;Quincy;quincy@email.com;Quincy Davis;Miami
44;Rosa;rosa@email.com;Rosa Wilson;Dallas
45;Seth;seth@email.com;Seth Lee;Austin
46;Thea;thea@email.com;Thea Moore;Denver
47;Uri;uri@email.com;Uri Taylor;Phoenix
48;Vera;vera@email.com;Vera Davis;Miami
49;Wyatt;wyatt@email.com;Wyatt Wilson;Dallas
50;Xander;xander@email.com;Xander Lee;Austin
51;Yasmine;yasmine@email.com;Yasmine Moore;Denver
52;Zack;zack@email.com;Zack Taylor;Phoenix
53;Amelia;amelia@email.com;Amelia Davis;Miami
54;Ben;ben@email.com;Ben Wilson;Dallas
55;Catherine;catherine@email.com;Catherine Lee;Austin
56;Daniel;daniel@email.com;Daniel Moore;Denver
57;Emily;emily@email.com;Emily Taylor;Phoenix
58;Felix;felix@email.com;Felix Davis;Miami
59;Gemma;gemma@email.com;Gemma Wilson;Dallas
60;Harry;harry@email.com;Harry Lee;Austin
61;Isabel;isabel@email.com;Isabel Moore;Denver
62;Jason;jason@email.com;Jason Taylor;Phoenix
63;Kylie;kylie@email.com;Kylie Davis;Miami
64;Luke;luke@email.com;Luke Wilson;Dallas
65;Megan;megan@email.com;Megan Lee;Austin
66;Nathan;nathan@email.com;Nathan Moore;Denver
67;Olivia;olivia@email.com;Olivia Taylor;Phoenix
68;Peter;peter@email.com;Peter Davis;Miami
69;Quinn;quinn@email.com;Quinn Wilson;Dallas
70;Rachel;rachel@email.com;Rachel Lee;Austin
71;Samuel;samuel@email.com;Samuel Moore;Denver
72;Tessa;tessa@email.com;Tessa Taylor;Phoenix
73;Uriel;uriel@email.com;Uriel Davis;Miami
74;Violet;violet@email.com;Violet Wilson;Dallas
75;Winston;winston@email.com;Winston Lee;Austin
76;Xena;xena@email.com;Xena Moore;Denver
77;Yara;yara@email.com;Yara Taylor;Phoenix
78;Zane;zane@email.com;Zane Davis;Miami
79;Abby;abby@email.com;Abby Wilson;Dallas
80;Blake;blake@email.com;Blake Lee;Austin
81;Chloe;chloe@email.com;Chloe Moore;Denver
82;David;david@email.com;David Taylor;Phoenix
83;Emma;emma@email.com;Emma Davis;Miami
84;Finn;finn@email.com;Finn Wilson;Dallas
85;Gigi;gigi@email.com;Gigi Lee;Austin
86;Henry;henry@email.com;Henry Moore;Denver
87;Ivy;ivy@email.com;Ivy Taylor;Phoenix
88;Jude;jude@email.com;Jude Davis;Miami
89;Kylie;kylie@email.com;Kylie Wilson;Dallas
90;Leo;leo@email.com;Leo Lee;Austin
91;Mia;mia@email.com;Mia Moore;Denver
92;Nolan;nolan@email.com;Nolan Taylor;Phoenix
93;Olivia;olivia@email.com;Olivia Davis;Miami
94;Piper;piper@email.com;Piper Wilson;Dallas
95;Quinn;quinn@email.com;Quinn Lee;Austin
96;Rebecca;rebecca@email.com;Rebecca Moore;Denver
97;Sam;sam@email.com;Samuel Taylor;Phoenix
98;Tessa;tessa@email.com;Tessa Davis;Miami
99;Ulysses;ulysses@email.com;Ulysses Wilson;Dallas
100;Vera;vera@email.com;Vera Lee;Austin


